{"dataPointId": "nk5j-fzhe-audf", "deviceId": "Flow Web", "duration": 5303, "formId": "313200912", "formVersion": "2.0", "responses": [{"questionId": -1, "answerType": "META_NAME", "value": "Deden-12-Male-Joy", "iteration": 0}, {"questionId": "317160912", "answerType": "FREE", "value": "Deden", "iteration": 0}, {"questionId": "319200912", "answerType": "FREE", "value": "12", "iteration": 0}, {"questionId": "317160913", "answerType": "OPTION", "value": [{"text": "Male"}], "iteration": 0}, {"questionId": "319190915", "answerType": "FREE", "value": "Yes it is bro", "iteration": 0}, {"questionId": "311160912", "answerType": "OPTION", "value": [{"text": "Joy"}], "iteration": 0}], "submissionDate": "1561577627616", "username": "Deden Akvo", "uuid": "78c78465-e0f5-4e37-b221-eb176e39bbec"}